﻿<?xml version="1.0" encoding="utf-8" ?>
<?xml-stylesheet type="text/xsl" href="AccuracyReport.xslt"?>
<report>
  <header date="12/12/2008 10:10:10" />
  <footer version="1.0.0.2" />
  <summary totalStories="34" totalScenarios="100" successfulScenarios="95" failedScenarios="5" percentageSuccessful="95" percentageFailed="5"/>
  <stories>
    <story index="1"
           asA="As a Regular User"
           iWant="I want to Click Action tests"
           soThat="So that I can test the Click action and its sub actions are working"
           isSuccessful="true">
      <scenario index="1" 
                description="User should see current date when the Show Date button is clicked"
                totalTime="00hs 00min 01sec 640ms" finishTime="15:05:47.7806"
                isSuccessful="true">
        <action type="condition" 
                index ="0"
                description="Given that"
                actionTime="15:05:47.7806"
                oddOrEven="odd" />
        <action type="action"
                index ="0"
                description="I navigate to Default Page at http://localhost/accuracy/default.aspx"
                actionTime="15:05:46.5306"
                oddOrEven="even" />
        <action type="action"
                index ="1"
                description="I navigate to Default Page at http://localhost/accuracy/default.aspx"
                actionTime="15:05:46.5306"
                oddOrEven="even" />
        <action type="condition"
                index ="0"
                description="When"
                actionTime="15:05:47.7806"
                oddOrEven="odd" />
        <action type="action"
                index ="0"
                description="I click the &quot;Show Date&quot; button"
                actionTime="15:05:47.6868" 
                oddOrEven="even" />
        <action type="condition"
                index ="0"
                description="Then"
                actionTime="15:05:47.7806"
                oddOrEven="odd" />
        <action type="action"
                index ="0"
                description="I see the &quot;22/10/2008&quot; message"
                actionTime="15:05:47.7806"
                oddOrEven="even" />
      </scenario>
      <scenario index="2"
                description="User should see current date when the Show Date button is clicked"
                totalTime="00hs 00min 01sec 640ms" finishTime="15:05:47.7806"
                isSuccessful="true">
        <action type="condition"
                description="Given that"
                actionTime="15:05:47.7806"
                oddOrEven="odd" />
        <action type="action"
                description="some other action"
                actionTime="15:05:46.5306"
                oddOrEven="even" />
        <action type="condition"
                description="When"
                actionTime="15:05:47.7806"
                oddOrEven="odd" />
        <action type="action"
                description="I do something"
                actionTime="15:05:47.6868"
                oddOrEven="even" />
        <action type="condition"
                description="Then"
                actionTime="15:05:47.7806"
                oddOrEven="odd" />
        <action type="action"
                description="I see something"
                actionTime="15:05:47.7806"
                oddOrEven="even" />
      </scenario>
    </story>
    <story index="2"
          asA="As a Regular User"
          iWant="I want to Click Action tests"
          soThat="So that I can test the Click action and its sub actions are working"
          isSuccessful="false">
      <scenario index="1"
                description="User should see current date when the Show Date button is clicked"
                totalTime="00hs 00min 01sec 640ms" finishTime="15:05:47.7806"
                isSuccessful="false">
        <action type="condition"
                description="Given that"
                actionTime="15:05:47.7806"
                oddOrEven="odd" />
        <action type="action"
                description="I navigate to Default Page at http://localhost/accuracy/default.aspx"
                actionTime="15:05:46.5306"
                oddOrEven="even" />
        <action type="condition"
                description="When"
                actionTime="15:05:47.7806"
                oddOrEven="odd" />
        <action type="action"
                description="I click the &quot;Show Date&quot; button"
                actionTime="15:05:47.6868"
                oddOrEven="even" />
        <action type="condition"
                description="Then"
                actionTime="15:05:47.7806"
                oddOrEven="odd" />
        <action type="action"
                description="I see the &quot;22/10/2008&quot; message"
                actionTime="15:05:47.7806"
                oddOrEven="even" />
      </scenario>
    </story>
  </stories>
</report>
